Question Id,Question Title,Answered Student Count,Top Student Count,Middle Student Count,Bottom Student Count,Quiz Question Count,Correct Student Count,Wrong Student Count,Correct Student Ratio,Wrong Student Ratio,Correct Top Student Count,Correct Middle Student Count,Correct Bottom Student Count,Variance,Standard Deviation,Difficulty Index,Alpha,Point Biserial of Correct,Point Biserial of Distractor 2,Point Biserial of Distractor 3,Point Biserial of Distractor 4
9026108,"In an _____________________ matrix with people as the row objects and groups as the column objects, the row sums give us the number of groups that people belong to.",30,10,11,9,200,30,0,1.0,0.0,10,11,9,0.0,0.0,1.0,0.2484231913009408,,,,
9026109,"In an affiliation matrix with people as the row objects and groups as the column objects, the _____________________ sum(s) give us the number of groups that people belong to.",35,11,18,6,200,31,4,0.8857142857142857,0.11428571428571428,11,16,4,0.10122448979591837,0.318157963590287,0.8857142857142857,0.2484231913009408,0.4737791255384094,-0.432397408221705,,-0.17821601272157844
9026085,"

If we multiply an Am x n affiliation matrix times its transpose AT n x mthe resulting co-membership matrix C will be of dimensions:






         
         
         
         
          correct_answer"" title=""m x p. This was the correct answer."" aria-describedby=""answer_6553_arrow"">

",36,14,18,4,200,32,4,0.8888888888888888,0.1111111111111111,14,16,2,0.09876543209876544,0.3142696805273545,0.8888888888888888,0.2484231913009408,0.3667344742069485,-0.20449182991149745,,-0.35740879056725533
9026086,The _____________________ cells of the co-membership matrix tell us the number of groups each person belongs to.,42,18,15,9,200,41,1,0.9761904761904762,0.023809523809523808,18,14,9,0.023242630385487528,0.1524553389864964,0.9761904761904762,0.2484231913009408,0.07319934409083864,,,-0.07319934409083861
9026110,The _____________________ cells of the co-membership matrix tell us the number of groups that person i and person j have in common.,39,13,20,6,200,38,1,0.9743589743589743,0.02564102564102564,13,19,6,0.02498356344510191,0.15806189751202504,0.9743589743589743,0.2484231913009408,0.08765132917701467,-0.08765132917701464,,
9026088,The diagonal cells of the _____________________ matrix tell us the number of members in each group.,39,9,20,10,200,19,20,0.48717948717948717,0.5128205128205128,7,10,2,0.24983563445101906,0.4998356074261007,0.48717948717948717,0.2484231913009408,0.3657305529922096,0.11845069265944773,0.051111291846697555,-0.45223898084836384
9026112,The _____________________ cells of the group overlap matrix tell us the number of members in each group.,36,15,14,7,200,33,3,0.9166666666666666,0.08333333333333333,15,12,6,0.0763888888888889,0.27638539919628335,0.9166666666666666,0.2484231913009408,0.18487514049303477,,,-0.18487514049303475
9026111,The _____________________ cells of the group overlap matrix tell us the number of members that group i and group j have in common.,34,9,19,6,200,33,1,0.9705882352941176,0.029411764705882353,9,19,5,0.028546712802768166,0.1689577248981773,0.9705882352941176,0.2484231913009408,0.5492073629022539,,-0.5492073629022538,
9026089,The matrix operation that produces a new matrix by switching around the number of rows and the number of columns of the original matrix is called _____________________,38,17,13,8,200,38,0,1.0,0.0,17,13,8,0.0,0.0,1.0,0.2484231913009408,,,,
9028102,Affiliation networks are best represented using _____________________ graphs.,38,13,14,11,200,38,0,1.0,0.0,13,14,11,0.0,0.0,1.0,0.2484231913009408,,,,
9026066,Consider an affiliation matrix (A) with people as the row objects and groups as the column objects. Multiplying the transpose of the original AT times the original (A) returns a square matrix with groups in both the rows and columns called the _____________________ matrix.,33,11,13,9,200,24,9,0.7272727272727273,0.2727272727272727,10,7,7,0.1983471074380165,0.4453617714151233,0.7272727272727273,0.2484231913009408,0.11365224256716575,-0.11365224256716575,,
9026113,The affiliation matrix records the _____________________ relations between vertices in a bipartite graph.,44,15,19,10,200,36,8,0.8181818181818182,0.18181818181818182,13,17,6,0.1487603305785124,0.38569460791993504,0.8181818181818182,0.2484231913009408,0.30218219087985215,-0.3021821908798522,,
9027097,A bipartite graph is a graph with two _____________________ sets of nodes in which nodes link only to nodes in the other set but not with nodes in their own set,38,12,15,11,200,36,2,0.9473684210526315,0.05263157894736842,12,15,9,0.04986149584487534,0.22329687826943606,0.9473684210526315,0.2484231913009408,0.37034170184097903,-0.37034170184097887,,
9026083,Consider an affiliation matrix (A) with people as the row objects and groups as the column objects. Multiplying A times its transpose AT returns a square matrix with people in both the rows and columns called the _____________________ matrix.,33,13,10,10,200,31,2,0.9393939393939394,0.06060606060606061,13,8,10,0.05693296602387511,0.2386062992124791,0.9393939393939394,0.2484231913009408,0.040036048673015315,-0.040036048673015336,,
9026956,"In a(n) _____________________ matrix with people as the row objects and groups as the column objects, the column sums give us the number of people in each group.",40,16,15,9,200,40,0,1.0,0.0,16,15,9,0.0,0.0,1.0,0.2484231913009408,,,,
9027098,The following statement is NOT true of a bipartite graph:,32,5,18,9,200,28,4,0.875,0.125,5,15,8,0.109375,0.33071891388307384,0.875,0.2484231913009408,-0.08314109932105439,0.08314109932105439,,
9026069,The off-diagonal cells of the _____________________ matrix tell us the number of members that group i and group j have in common.,34,11,14,9,200,22,12,0.6470588235294118,0.35294117647058826,9,9,4,0.22837370242214533,0.47788461203740945,0.6470588235294118,0.2484231913009408,0.3091871656065314,-0.24486374243097392,,-0.22740272117223576
9026958,"Affiliation networks are best represented using ________________ graphs.




",27,10,14,3,200,27,0,1.0,0.0,10,14,3,0.0,0.0,1.0,0.2484231913009408,,,,
9028203,If we multiply the transpose of an affiliation matrix ATn x m by the original affiliation matrix Am x n the resulting group overlap matrix O will be of dimensions:,44,13,18,13,200,28,16,0.6363636363636364,0.36363636363636365,11,11,6,0.23140495867768596,0.48104569292083466,0.6363636363636364,0.2484231913009408,0.3298936529420981,-0.3780152712720753,0.0336010752516118,
9026957,"In an affiliation matrix with people as the row objects and groups as the column objects, the _____________________ sums give us the number of people in each group.",42,15,16,11,200,37,5,0.8809523809523809,0.11904761904761904,14,15,8,0.10487528344671203,0.32384453592227247,0.8809523809523809,0.2484231913009408,0.33872170807533086,-0.11158179868529612,-0.5963854757317555,-0.006833065947407834
9026068,In general you can multiply any Am x n matrix ✕ any Bq x p matrix as long as:,38,18,14,6,200,38,0,1.0,0.0,18,14,6,0.0,0.0,1.0,0.2484231913009408,,,,
9027096,A _____________________ graph is a graph with two disjoint sets of nodes in which nodes link only to nodes in the other set but not with nodes in their own set,32,11,14,7,200,32,0,1.0,0.0,11,14,7,0.0,0.0,1.0,0.2484231913009408,,,,
9026090,The off-diagonal cells of the _____________________ matrix tell us the number of groups that person i and person j have in common.,32,12,11,9,200,27,5,0.84375,0.15625,12,10,5,0.1318359375,0.3630921887069453,0.84375,0.2484231913009408,0.4158037834988362,-0.21306751705205668,-0.1636605565762175,-0.2930802134188708
9026084,"
If you multiply an Am x nmatrix ✕ a Bq x pmatrix, the resulting matrix C will be of dimensions:
",37,12,21,4,200,36,1,0.972972972972973,0.02702702702702703,12,21,3,0.026296566837107377,0.16216216216216217,0.972972972972973,0.2484231913009408,0.20023571015840663,,,-0.20023571015840685
9026065,Consider an affiliation matrix (A) with people as the row objects and groups as the column objects. Multiplying the transpose of the original AT times the original A returns a square matrix with _____________________ in both the rows and columns.,41,18,18,5,200,33,8,0.8048780487804879,0.1951219512195122,16,15,2,0.1570493753718025,0.39629455632370536,0.8048780487804879,0.2484231913009408,0.3490647492176587,-0.5451852448944021,-0.037286739107273814,-0.05635669672694845
9028094,The following is NOT an example of an affiliation network:,35,11,15,9,200,28,7,0.8,0.2,10,11,7,0.16,0.4,0.8,0.2484231913009408,0.18910171565836237,-0.24522496562533805,0.04381517576873014,
9026091,The following is an example of an affiliation network:,35,12,12,11,200,30,5,0.8571428571428571,0.14285714285714285,12,10,8,0.12244897959183673,0.3499271061118826,0.8571428571428571,0.2484231913009408,0.3030889867453743,0.011479928336325277,-0.20768233990260934,-0.26209744345604125
9026067,A bipartite graph has:,44,14,16,14,200,41,3,0.9318181818181818,0.06818181818181818,14,14,13,0.06353305785123967,0.25205764787294127,0.9318181818181818,0.2484231913009408,0.13235850794264575,,-0.14618991561922576,-0.01953112567788965
9026959,"In a bipartite graph, the sum of degrees of either node set is equal to _______________________ in the graph.",42,11,19,12,200,41,1,0.9761904761904762,0.023809523809523808,11,19,11,0.023242630385487528,0.1524553389864964,0.9761904761904762,0.2484231913009408,0.5462816795788565,,,-0.5462816795788563
9027099,The diagonal cells of the _____________________ matrix tell us the number of groups each person belongs to.,39,17,11,11,200,33,6,0.8461538461538461,0.15384615384615385,16,10,7,0.1301775147928994,0.36080121229410994,0.8461538461538461,0.2484231913009408,0.3589933980548717,0.014786195405302434,-0.4303633887867412,-0.2430396794007116
9026107,Consider an affiliation matrix (A) with people as the row objects and groups as the column objects. Multiplying A times its transpose AT returns a square matrix with _____________________ in both the rows and columns called the co-membership matrix.,36,13,16,7,200,33,3,0.9166666666666666,0.08333333333333333,13,15,5,0.0763888888888889,0.27638539919628335,0.9166666666666666,0.2484231913009408,0.5464090899587384,-0.46019754592325707,,-0.3291373844227949
9026087,The _____________________ matrix records the adjacency relations between vertices in a bipartite graph.,41,11,19,11,200,40,1,0.975609756097561,0.024390243902439025,10,19,11,0.02379535990481856,0.1542574468374819,0.975609756097561,0.2484231913009408,-0.12673351101672586,0.1267335110167258,,
9023899,"Because weak ties function as bridges to parts of a social structure to which you wouldn’t otherwise have access, having weak ties counts as social capital whenever it is important to have access to _____________________ information.",31,12,14,5,200,31,0,1.0,0.0,12,14,5,0.0,0.0,1.0,0.2484231913009408,,,,
9026045,"Granovetter-transitivity violations (i.e., someone being connected to you who does not know your close friends and family) are more likely to exist among the weak ties of your _____________________",23,8,9,6,200,21,2,0.9130434782608695,0.08695652173913043,8,8,5,0.07939508506616257,0.2817713347133852,0.9130434782608695,0.2484231913009408,0.3771321868341838,-0.3952033983136626,-0.1258796009443516,
9024071,Granovetter’s weak tie principle states that your weak tie contacts don’t necessarily have to be connected to your _____________________ tie contacts.,20,6,7,7,200,19,1,0.95,0.05,6,7,6,0.0475,0.21794494717703367,0.95,0.2484231913009408,0.18682728972097615,,,-0.18682728972097604
9026092,The following is NOT a property of strong ties,22,6,10,6,200,20,2,0.9090909090909091,0.09090909090909091,6,10,4,0.08264462809917356,0.28747978728803447,0.9090909090909091,0.2484231913009408,0.26702375841020537,-0.18426389920503614,,-0.18426389920503614
9026960,"According to Granovetter, this is a property of a strong tie:",17,3,11,3,200,17,0,1.0,0.0,3,11,3,0.0,0.0,1.0,0.2484231913009408,,,,
9024092,"According to Granovetter, your _____________________ tie contacts don’t necessarily have to be connected to your strong tie contacts.",21,7,11,3,200,21,0,1.0,0.0,7,11,3,0.0,0.0,1.0,0.2484231913009408,,,,
9023898,"Because _____________________ ties function as bridges to parts of a social structure to which you wouldn’t otherwise have access, having lots of them counts as social capital whenever it is important to have access to novel information.",24,8,11,5,200,23,1,0.9583333333333334,0.041666666666666664,8,11,4,0.03993055555555556,0.19982631347136331,0.9583333333333334,0.2484231913009408,0.17595778022427608,-0.17595778022427613,,
9023954,"In your network, some ties are new (friends you've made recently) and some ties are old (family and childhood friends). This refers to the tie property of:",26,8,13,5,200,24,2,0.9230769230769231,0.07692307692307693,8,11,5,0.07100591715976332,0.2664693550105965,0.9230769230769231,0.2484231913009408,0.02805331455465865,,-0.01943590645175208,-0.01943590645175208
9024072,"In your network, there are people that you would tell even a very personal secret or seek advice with a problem.	 This refers to the tie property of:",27,9,13,5,200,27,0,1.0,0.0,9,13,5,0.0,0.0,1.0,0.2484231913009408,,,,
9024111,"Rule 2 of Granovetter-transitivity says that if A and B have a strong tie, and B and C have a _____________________ tie there should be at least a weak tie between A and C",25,8,8,9,200,21,4,0.84,0.16,8,7,6,0.1344,0.3666060555964672,0.84,0.2484231913009408,0.39165343241156614,,,-0.3916534324115661
9023902,"Rule 2 of Granovetter-transitivity says that if A and B have a strong tie, and B and C have a strong tie there should be at least a _____________________ tie between A and C",21,10,7,4,200,20,1,0.9523809523809523,0.047619047619047616,10,7,3,0.045351473922902494,0.21295885499997996,0.9523809523809523,0.2484231913009408,0.3694927236218558,,,-0.3694927236218556
9026070,"According to Granovetter, _____________________ ties can function as bridges to parts of a social structure to which you wouldn’t otherwise have access",22,9,10,3,200,22,0,1.0,0.0,9,10,3,0.0,0.0,1.0,0.2484231913009408,,,,
9023951,"According to Granovetter, the tie property of _____________________ is a ""combination of the amount of time, the emotional intensity, [and] the the intimacy...which characterize a tie""",23,6,9,8,200,22,1,0.9565217391304348,0.043478260869565216,6,8,8,0.04158790170132325,0.20393111999232302,0.9565217391304348,0.2484231913009408,0.0219095514817199,,-0.021909551481719903,
9023953,"Granovetter-transitivity violations (i.e., someone being connected to you who does not know your close friends and family) are more likely to exist among the _____________________ ties of your active network",23,8,9,6,200,23,0,1.0,0.0,8,9,6,0.0,0.0,1.0,0.2484231913009408,,,,
9028291,Rule 1 of Granovetter-transitivity says that  if two people are strongly connected they are likely to have _____________________ other friends in common,18,6,7,5,200,18,0,1.0,0.0,6,7,5,0.0,0.0,1.0,0.2484231913009408,,,,
9024073,Rule 1 of _____________________ says that  if two people are strongly connected they are likely to have many other friends in common,25,10,11,4,200,24,1,0.96,0.04,10,10,4,0.038400000000000004,0.19595917942265426,0.96,0.2484231913009408,0.022985975171758315,,-0.0229859751717583,
9026051,"When people involved in standalone dyads (e.g., a married couple) reach a breaking point due to unresolvable differences, one solution is to make them a “temporary” _____________________ tie by embedding them in a relationship with a third party (e.g., mediation, arbitration, counseling).",34,12,15,7,200,32,2,0.9411764705882353,0.058823529411764705,11,15,6,0.05536332179930797,0.23529411764705885,0.9411764705882353,0.2484231913009408,0.028764571348080012,-0.13352717746251191,,0.09346902422375848
9023952,Granovetter-transitivity is _____________________ likely to apply to strong ties in your support clique and sympathy group as it is to other layers of your network.,24,6,10,8,200,24,0,1.0,0.0,6,10,8,0.0,0.0,1.0,0.2484231913009408,,,,
9024110,Granovetter-transitivity is more likely to apply to _____________________ ties in your support clique and sympathy group,15,9,4,2,200,15,0,1.0,0.0,9,4,2,0.0,0.0,1.0,0.2484231913009408,,,,
9026114,"Rule 2 of Granovetter-transitivity says that if A and B have a strong tie, and B and C have a strong tie there should be at least a weak tie between _____________________",17,6,5,6,200,17,0,1.0,0.0,6,5,6,0.0,0.0,1.0,0.2484231913009408,,,,
9024091,Granovetter’s _____________________ states that your weak tie contacts don’t necessarily have to be connected to your strong tie contacts.,26,10,11,5,200,24,2,0.9230769230769231,0.07692307692307693,10,10,4,0.07100591715976332,0.2664693550105965,0.9230769230769231,0.2484231913009408,0.29702934598521946,,,-0.2970293459852195
9023900,"In your network, there are people that you communicate with almost every day. This refers to the tie property of:",37,9,20,8,200,35,2,0.9459459459459459,0.05405405405405406,8,20,7,0.05113221329437546,0.2261243314956961,0.9459459459459459,0.2484231913009408,0.11859074977807024,-0.11859074977807024,,
9023901,Rule 1 of Granovetter-transitivity says that  if two people are _____________________ connected they are likely to have a lot of other friends in common,25,8,8,9,200,25,0,1.0,0.0,8,8,9,0.0,0.0,1.0,0.2484231913009408,,,,
9028106,"Rule 2 of _____________________ says that if A and B have a strong tie, and B and C have a strong tie there should be at least a weak tie between A and C",26,11,10,5,200,25,1,0.9615384615384616,0.038461538461538464,11,10,4,0.036982248520710054,0.1923076923076923,0.9615384615384616,0.2484231913009408,0.4409502346176755,,-0.4409502346176757,
9023955,Weak ties can function as _____________________ to parts of a social structure to which you wouldn’t otherwise have access,23,10,7,6,200,23,0,1.0,0.0,10,7,6,0.0,0.0,1.0,0.2484231913009408,,,,
9011619,Social Network analysis is an interdisciplinary field that includes the following disciplines except:,38,14,15,9,200,36,2,0.9473684210526315,0.05263157894736842,13,14,9,0.04986149584487534,0.22329687826943606,0.9473684210526315,0.2484231913009408,-0.08881260859082689,,0.08881260859082685,
9014732,Social network analysis has two (2) facets. One (1) is called Social Network _____________________ and the other is called Social Network Measurement.,43,13,20,10,200,41,2,0.9534883720930233,0.046511627906976744,13,20,8,0.04434829637641969,0.21059035204970736,0.9534883720930233,0.2484231913009408,0.46401121054881883,,-0.303401610789018,-0.3449502390180871
9023586,Social network analysis has two (2) facets. One (1) is called Social Network _____________________ and the other is called Social Network Theory.,39,13,15,11,200,26,13,0.6666666666666666,0.3333333333333333,10,10,6,0.2222222222222222,0.4714045207910317,0.6666666666666666,0.2484231913009408,0.326123382056631,-0.326123382056631,,
9024064,"In a point and line plot representation of a social network, the lines do not represent _____________________",33,10,15,8,200,27,6,0.8181818181818182,0.18181818181818182,10,13,4,0.1487603305785124,0.38569460791993504,0.8181818181818182,0.2484231913009408,0.5796457462909973,,-0.5796457462909974,
9023584,"In a point and line plot representation of a social network, the points are supposed to be _____________________",34,9,14,11,200,33,1,0.9705882352941176,0.029411764705882353,9,14,10,0.028546712802768166,0.1689577248981773,0.9705882352941176,0.2484231913009408,0.26971461752392395,,-0.2697146175239239,
9011620,This discipline is part of the interdisciplinary field called Social Network Analysis:,44,19,16,9,200,41,3,0.9318181818181818,0.06818181818181818,18,16,7,0.06353305785123967,0.25205764787294127,0.9318181818181818,0.2484231913009408,0.23190010778373857,,-0.034644064963247644,-0.34378949992606955
9011621,Which of the following is not a type of network:,37,14,15,8,200,37,0,1.0,0.0,14,15,8,0.0,0.0,1.0,0.2484231913009408,,,,
9011618,"A _____________________ network is a set of people (or groups of people) linked by social relations of exchange, advice, friendship, enmity, etc.",44,16,17,11,200,44,0,1.0,0.0,16,17,11,0.0,0.0,1.0,0.2484231913009408,,,,
9014734,Which of the following is not a type of technological network:,40,13,19,8,200,39,1,0.975,0.025,13,19,7,0.024375,0.15612494995995996,0.975,0.2484231913009408,0.5422597643573408,-0.5422597643573406,,
9020155,Network Science is an interdisciplinary field that includes all the sciences studying networks. Which of the following is not included in Network Science:,35,16,15,4,200,34,1,0.9714285714285714,0.02857142857142857,16,15,3,0.027755102040816326,0.16659862556700858,0.9714285714285714,0.2484231913009408,0.32993107378919023,,,-0.3299310737891902
9014733,Which of the following is both a social and a technological network:,37,14,10,13,200,33,4,0.8918918918918919,0.10810810810810811,13,9,11,0.09642074506939372,0.3105168998128664,0.8918918918918919,0.2484231913009408,-0.01965604382767969,,,0.01965604382767969
9014731,"In a graph, vertices typically represent _____________________ in the social network",42,14,21,7,200,41,1,0.9761904761904762,0.023809523809523808,13,21,7,0.023242630385487528,0.1524553389864964,0.9761904761904762,0.2484231913009408,-0.12950689652389746,,,0.1295068965238974
9020154,In network analysis another term for edge is:,42,12,21,9,200,42,0,1.0,0.0,12,21,9,0.0,0.0,1.0,0.2484231913009408,,,,
9023585,Network Science is an interdisciplinary field that includes all the sciences studying networks. Which of the following is not included in Network Science:,42,17,17,8,200,42,0,1.0,0.0,17,17,8,0.0,0.0,1.0,0.2484231913009408,,,,
9011622,Which of the following is not a type of social network:,44,11,19,14,200,44,0,1.0,0.0,11,19,14,0.0,0.0,1.0,0.2484231913009408,,,,
9024075,In a graph the ____________________ of a vertex is the set of all other vertices that are adjacent to it.,69,26,27,16,200,69,0,1.0,0.0,26,27,16,0.0,0.0,1.0,0.2484231913009408,,,,
9023910,A graph is a set with two sets as members. One of these sets has _____________________ as its members. The other set has vertices.,65,26,20,19,200,64,1,0.9846153846153847,0.015384615384615385,26,20,18,0.01514792899408284,0.12307692307692307,0.9846153846153847,0.2484231913009408,0.1771440059936027,-0.17714400599360303,,
9024094,A graph is an abstract mathematical object consisting of a vertex set and _____________________ set,47,19,20,8,200,47,0,1.0,0.0,19,20,8,0.0,0.0,1.0,0.2484231913009408,,,,
9023959,"In graph theory, there are three (3) types of ties. The following is not one of them:",61,20,26,15,200,61,0,1.0,0.0,20,26,15,0.0,0.0,1.0,0.2484231913009408,,,,
9023905,"In a directed graph, another name for a disconnected dyad, one that does not have an edge linking the two nodes, is:



         
         
         
         
          "" title=""Mutual."">

",58,21,25,12,200,56,2,0.9655172413793104,0.034482758620689655,21,24,11,0.03329369797859691,0.18246560765962694,0.9655172413793104,0.2484231913009408,0.0907087858943005,-0.02943318029791156,-0.09771815858906668,
9024078,"In a directed graph, another name for a non-reciprocal dyad, one that features directed edges going in only one direction, is:",64,21,28,15,200,64,0,1.0,0.0,21,28,15,0.0,0.0,1.0,0.2484231913009408,,,,
9023957,"In an undirected graph, a node's ________________ is the cardinality of their neighborhood set",54,19,21,14,200,54,0,1.0,0.0,19,21,14,0.0,0.0,1.0,0.2484231913009408,,,,
9023917,"In a directed graph, another name for a reciprocal dyad, one that features directed edges going in both directions, is:",50,17,21,12,200,48,2,0.96,0.04,17,20,11,0.038400000000000004,0.19595917942265426,0.96,0.2484231913009408,0.09586619734383486,-0.08552432960913293,-0.04866039443278273,
9023960,"In a directed graph, each edge has a _________________ node and a _____________ node.",66,23,28,15,200,65,1,0.9848484848484849,0.015151515151515152,23,28,14,0.014921946740128558,0.1221554204287659,0.9848484848484849,0.2484231913009408,0.2383701810959904,,-0.2383701810959905,
9024112,"In a graph, a subgraph is a _____________________ of either vertices or edges of the original graph",62,15,31,16,200,62,0,1.0,0.0,15,31,16,0.0,0.0,1.0,0.2484231913009408,,,,
9023904,"If we delete all the edges in a graph, we end up with the ________________ graph.",54,22,22,10,200,53,1,0.9814814814814815,0.018518518518518517,22,21,10,0.018175582990397805,0.13481684980149108,0.9814814814814815,0.2484231913009408,0.03883064480521841,-0.038830644805218445,,
9023909,"In a directed graph, the cardinality of the set of in-neighbors of a node is that node's ______________",60,24,21,15,200,59,1,0.9833333333333333,0.016666666666666666,24,20,15,0.01638888888888889,0.12801909579781015,0.9833333333333333,0.2484231913009408,0.019233686048390843,,,-0.019233686048390812
9023914,Pairs of vertices are _____________________ if there is a link joining them in the graph.,53,18,23,12,200,52,1,0.9811320754716981,0.018867924528301886,18,23,11,0.018511925952296192,0.13605853869675433,0.9811320754716981,0.2484231913009408,0.2628268744224627,-0.2628268744224628,,
9023916,"In a directed graph, ____________ nodes are destination nodes for links but are never sources",69,21,30,18,200,69,0,1.0,0.0,21,30,18,0.0,0.0,1.0,0.2484231913009408,,,,
9023907,"In a graph, the number of common neighbors of two nodes is given by their respective neighborhood's:",56,18,28,10,200,54,2,0.9642857142857143,0.03571428571428571,18,28,8,0.034438775510204085,0.18557687223952257,0.9642857142857143,0.2484231913009408,0.4797566842537731,-0.4797566842537732,,
9023911,A graph is an abstract mathematical object consisting of a _____________________ set and an edge set,59,20,23,16,200,58,1,0.9830508474576272,0.01694915254237288,20,23,15,0.016661878770468257,0.12908090009938827,0.9830508474576272,0.2484231913009408,0.24883629270890995,-0.24883629270891025,,
9024074,"In a directed graph, the cardinality of the set of out-neighbors of a node is that node's ______________",66,20,32,14,200,65,1,0.9848484848484849,0.015151515151515152,20,32,13,0.014921946740128558,0.1221554204287659,0.9848484848484849,0.2484231913009408,0.46403285432700886,,-0.464032854327009,
9023913,"In a graph, the neighborhood of a vertex is the set of all other vertices that are _____________________ to it.",64,18,28,18,200,63,1,0.984375,0.015625,18,28,17,0.015380859375,0.12401959270615269,0.984375,0.2484231913009408,0.3116584103932413,,,-0.3116584103932413
9024077,"In an undirected graph, a vertex is _____________________ if it has no connections to any other vertices.",63,27,22,14,200,63,0,1.0,0.0,27,22,14,0.0,0.0,1.0,0.2484231913009408,,,,
9024076,"
In a graph, the total number of neighbors of two nodes is given by the cardinality of the set formed by their respective neighborhood's:
",49,16,18,15,200,45,4,0.9183673469387755,0.08163265306122448,16,17,12,0.07496876301541025,0.2738042421428314,0.9183673469387755,0.2484231913009408,0.4135370975311441,,-0.4135370975311442,
9023961,"In a directed graph, ____________ nodes are source nodes for links but are never destinations",66,27,26,13,200,65,1,0.9848484848484849,0.015151515151515152,27,25,13,0.014921946740128558,0.1221554204287659,0.9848484848484849,0.2484231913009408,-0.0005227580092907628,,0.000522758009290763,
9023903,"Two people meet at a party and find they both know a third person. In graph theory, this third person is called their:",49,15,26,8,200,48,1,0.9795918367346939,0.02040816326530612,14,26,8,0.01999167013744273,0.14139190265868384,0.9795918367346939,0.2484231913009408,-0.09707381079502365,0.0970738107950236,,
9023906,__________________ are vertices with no incoming or outgoing links in a directed graph.,56,17,26,13,200,56,0,1.0,0.0,17,26,13,0.0,0.0,1.0,0.2484231913009408,,,,
9023912,If we create a subgraph from an original graph by removing ___________________ the resulting subgraph is called a(n) ______________ subgraph of the original graph.,59,19,25,15,200,39,20,0.6610169491525424,0.3389830508474576,16,13,10,0.2240735420856076,0.4733640692803031,0.6610169491525424,0.2484231913009408,0.214406695956243,,-0.10360200051274077,-0.24840733395259487
9023908,"In a graph, an edge is ___________________ to a node if that node lies at one of its endpoints.",66,19,31,16,200,59,7,0.8939393939393939,0.10606060606060606,19,28,12,0.09481175390266298,0.30791517322578144,0.8939393939393939,0.2484231913009408,0.24272540513951377,-0.22662465763244632,-0.03370070712309642,-0.13316560336879313
9023956,"In a graph, two nodes are ______________________ if there is a link that is incident to both of them.",61,23,22,16,200,60,1,0.9836065573770492,0.01639344262295082,23,21,16,0.01612469766191884,0.12698306053139072,0.9836065573770492,0.2484231913009408,-0.020921794048743312,,0.020921794048743298,
9023915,Pairs of vertices are _____________________ if there is not a link joining them in the graph.,67,27,24,16,200,66,1,0.9850746268656716,0.014925373134328358,27,24,15,0.014702606371129428,0.12125430454680537,0.9850746268656716,0.2484231913009408,0.26501997557723384,-0.26501997557723345,,
9023958,A graph is a set with two sets as members. One of these sets has _____________________ as its members. The other set has edges.,45,15,20,10,200,42,3,0.9333333333333333,0.06666666666666667,15,20,7,0.06222222222222223,0.24944382578492943,0.9333333333333333,0.2484231913009408,0.446217218779741,-0.12151056558604414,-0.45319590751707084,
9023962,"In a directed graph, _______________ nodes are both sources and destinations",63,25,27,11,200,61,2,0.9682539682539683,0.031746031746031744,25,27,9,0.03073822121441169,0.17532319074900413,0.9682539682539683,0.2484231913009408,0.38417060443008016,-0.4094116776443963,,-0.12948834455729763
9024093,"In a graph, the neighborhood of an isolated node is:",64,17,29,18,200,60,4,0.9375,0.0625,17,27,16,0.05859375,0.24206145913796356,0.9375,0.2484231913009408,0.11456034113735732,-0.14738962824241247,,-0.011988630048426163
9024113,A _____________________ is a path of at least length 3 that begins and ends with the same node.,57,22,20,15,200,57,0,1.0,0.0,22,20,15,0.0,0.0,1.0,0.2484231913009408,,,,
9023922,"In a directed graph, node A can reach node B via a directed path. Node B in turn can also reach node A via a directed path, in this case we say that A and B are ______________________ reachable",54,23,20,11,200,52,2,0.9629629629629629,0.037037037037037035,23,20,9,0.03566529492455418,0.18885257457751053,0.9629629629629629,0.2484231913009408,0.21472799783034144,,-0.1122677282489635,-0.18852505309731601
9023964,A directed graph is ___________________ connected if every pair of nodes in the graph can only reach one another via paths that ignore the direction the edge arrows are pointing to.,67,22,34,11,200,66,1,0.9850746268656716,0.014925373134328358,22,33,11,0.014702606371129428,0.12125430454680537,0.9850746268656716,0.2484231913009408,-0.010816422489870373,,,0.010816422489870357
9023919,In a graph a node (B) can reach another node (C) via a path of length three. This path includes node D. This means that C is the _____________________ node.,63,19,26,18,200,55,8,0.873015873015873,0.12698412698412698,17,24,14,0.1108591584782061,0.3329551898952862,0.873015873015873,0.2484231913009408,0.14561808219965935,-0.22260362197538755,-0.06574719202388002,
9023921,The graph ____________________ is the length of the longest shortest path in the graph.,57,20,22,15,200,56,1,0.9824561403508771,0.017543859649122806,20,22,14,0.017236072637734686,0.13128622409733126,0.9824561403508771,0.2484231913009408,0.2594337073587441,,,-0.25943370735874366
9024082,"In a graph, even though node A is not adjacent to node B, it can still get to node B indirectly. The length of the shortest path between A and B is called the __________________ between them",65,24,27,14,200,63,2,0.9692307692307692,0.03076923076923077,23,26,14,0.029822485207100593,0.17269187938956654,0.9692307692307692,0.2484231913009408,-0.012065427226646261,,0.012065427226646261,
9023963,A directed graph is ___________________ connected if every pair of nodes in the graph can mutually reach one another.,60,26,26,8,200,59,1,0.9833333333333333,0.016666666666666666,26,25,8,0.01638888888888889,0.12801909579781015,0.9833333333333333,0.2484231913009408,0.021064071133858962,-0.021064071133858924,,
9023926,"In a weakly connected directed graph, each pair of nodes is connected via at least a ______________________",64,22,24,18,200,39,25,0.609375,0.390625,17,14,8,0.238037109375,0.48789046862487484,0.609375,0.2484231913009408,0.23264467998514554,-0.1420628482908207,,-0.3606627007224148
9024080,"Marjorie is looking for a job in the advertising field. She has a cousin, Taylor, whose hairdresser, Scott, is good friends with the owner of an advertising firm. In network terms, we would say that Marjorie can reach the owner of the advertising via a path of length:",69,22,31,16,200,65,4,0.9420289855072463,0.057971014492753624,21,31,13,0.05461037597143457,0.2336886303854652,0.9420289855072463,0.2484231913009408,0.29877505186113945,-0.43672130204999354,,0.020543794178376228
9023965,The ______________________ of a node is the maximum distance between that node and the other nodes in the graph,52,17,21,14,200,51,1,0.9807692307692307,0.019230769230769232,17,21,13,0.018860946745562133,0.13733516208736252,0.9807692307692307,0.2484231913009408,0.22549358139355472,-0.22549358139355444,,
9023924,"In a directed graph, if we trace an indirect connection between two non-adjacent while ignoring the direction of the arrows, we are connecting the two nodes via a ______________",60,18,27,15,200,48,12,0.8,0.2,18,20,10,0.16000000000000003,0.4,0.8,0.2484231913009408,0.3246488476465535,-0.25661824662823834,,-0.23874397579982182
9024079,In a graph a node (B) can reach another node (C) via a path of length three. This path includes node D. This means that B is the _____________________ node.,52,18,20,14,200,49,3,0.9423076923076923,0.057692307692307696,18,17,14,0.05436390532544379,0.23316068563427195,0.9423076923076923,0.2484231913009408,-0.016362640100420746,0.0431274930433149,-0.032610907574609715,
9023918,A directed graph is ___________________ connected ifevery pair of nodes in the graph is indirectly connected via at least a path that goes in one direction.,57,18,31,8,200,34,23,0.5964912280701754,0.40350877192982454,16,16,2,0.24068944290550937,0.4906011036529671,0.5964912280701754,0.2484231913009408,0.44052990250457214,-0.12043249852453827,-0.36040710069037674,-0.260291958211374
9023920,In a graph a node (B) can reach another node (C) via a path of length three. This path includes node D. This means that D is the _____________________ node.,60,18,26,16,200,58,2,0.9666666666666667,0.03333333333333333,18,26,14,0.03222222222222222,0.17950549357115014,0.9666666666666667,0.2484231913009408,0.38479654589440354,-0.28946824340756805,,-0.2500848089303481
9023927,"
In a _______________ connected directed graph, each pair of nodes is connected via at least a semipath.
",63,22,24,17,200,54,9,0.8571428571428571,0.14285714285714285,21,23,10,0.12244897959183673,0.3499271061118826,0.8571428571428571,0.2484231913009408,0.4054507837228355,-0.4920588319774107,-0.08098803937310288,
9023925,"In a directed graph is we draw a path that begins and ends with the same node but ignore the direction of the arrows, this is called a ___________________",60,21,25,14,200,44,16,0.7333333333333333,0.26666666666666666,21,18,5,0.19555555555555554,0.4422166387140533,0.7333333333333333,0.2484231913009408,0.5965392645726275,,-0.47768312156675957,-0.44490807381021436
9024081,The _____________________ of a path is given by the number of edges included in it.,59,18,25,16,200,59,0,1.0,0.0,18,25,16,0.0,0.0,1.0,0.2484231913009408,,,,
9024095,"
The graph diameter is the ______________ of the longest shortest path in the graph.
",57,23,23,11,200,56,1,0.9824561403508771,0.017543859649122806,23,23,10,0.017236072637734686,0.13128622409733126,0.9824561403508771,0.2484231913009408,0.2128689040540454,-0.21286890405404504,,
9023966,The diameter of a graph is the ____________________ geodesic distance for all the nodes in the graph.,57,19,21,17,200,55,2,0.9649122807017544,0.03508771929824561,19,21,15,0.03385657125269314,0.1840015523105529,0.9649122807017544,0.2484231913009408,0.35781093510623646,,,-0.35781093510623646
9023923,Tree graphs can be defined as directed graphs without any _____________________.,57,18,27,12,200,57,0,1.0,0.0,18,27,12,0.0,0.0,1.0,0.2484231913009408,,,,
9024085,The following is an example of an antisymmetric relation:,31,14,12,5,200,31,0,1.0,0.0,14,12,5,0.0,0.0,1.0,0.2484231913009408,,,,
9023967,"Two people are members of the same club. In terms of social network connectivity, this is an example of a(n) _________________.",41,15,19,7,200,37,4,0.9024390243902439,0.0975609756097561,15,18,4,0.08804283164782868,0.29672012342918147,0.9024390243902439,0.2484231913009408,0.34541835052076814,,,-0.3454183505207682
9023930,"You find that you have a long-lost cousin. In terms of social network connectivity, this is an example of a(n) _________________.",43,10,25,8,200,40,3,0.9302325581395349,0.06976744186046512,9,24,7,0.06489994591671173,0.2547546779093796,0.9302325581395349,0.2484231913009408,0.18271625277264608,-0.3176881723112406,0.1350513050146236,
9023929,"A person gossips about someone else all the time. In terms of social network connectivity, this is an example of a(n) _________________.",37,16,10,11,200,35,2,0.9459459459459459,0.05405405405405406,16,8,11,0.05113221329437546,0.2261243314956961,0.9459459459459459,0.2484231913009408,0.002492826136051966,-0.002492826136051966,,
9026040,Being someone's commanding officer in a U.S. Navy aircraft carrier is an example of a(n)_____________________ tie.,47,18,14,15,200,32,15,0.6808510638297872,0.3191489361702128,13,9,10,0.21729289271163424,0.4661468574512052,0.6808510638297872,0.2484231913009408,0.0835475753227521,,-0.0835475753227521,
9024096,"On Twitter, you can ""follow"" someone even if they don't follow you back. That means that Twitter ""follower"" ties are by necessity:",44,14,21,9,200,40,4,0.9090909090909091,0.09090909090909091,14,18,8,0.08264462809917356,0.28747978728803447,0.9090909090909091,0.2484231913009408,0.32747848087305914,-0.3274784808730591,,
9023973,Being in the same class as someone else is an example of a(n)_____________________ tie.,33,12,16,5,200,31,2,0.9393939393939394,0.06060606060606061,12,14,5,0.05693296602387511,0.2386062992124791,0.9393939393939394,0.2484231913009408,-0.04593786386964862,0.05650759099769074,,0.007435209341801413
9026071,Being someone's sibling is an example of a ___________________ role relation.,40,16,18,6,200,39,1,0.975,0.025,16,17,6,0.024375,0.15612494995995996,0.975,0.2484231913009408,0.012076977609245386,,-0.012076977609245382,
9024115,"Ties featuring directed exchanges (giving someone a gift, sending a letter, sharing information with someone) are by necessity:",50,19,16,15,200,45,5,0.9,0.1,19,14,12,0.09,0.3,0.9,0.2484231913009408,0.2357636012580755,,-0.24786572219515515,-0.060544409669698845
9023932,Undirected graphs are best suited to represent _____________________ relations,44,19,18,7,200,43,1,0.9772727272727273,0.022727272727272728,19,18,6,0.02221074380165289,0.14903269373413638,0.9772727272727273,0.2484231913009408,0.407090970702983,-0.40709097070298317,,
9024084,"Using cellphone geolocation data, researchers find that two people are always at the same coffee shop every day at 9:00 am. In terms of social network connectivity, this is an example of a(n) _________________.",48,17,19,12,200,34,14,0.7083333333333334,0.2916666666666667,16,14,4,0.2065972222222222,0.45452967144315476,0.7083333333333334,0.2484231913009408,0.46686310313149143,-0.24853865414718143,-0.3753667482539126,
9023934,"Kylie Jenner is Stormi Webster’s mother. Travis Scott is Stormi Webster’s father. As described by network theorists, these two (2) ties are both examples of _____________________ ties.",38,11,21,6,200,33,5,0.868421052631579,0.13157894736842105,10,19,4,0.11426592797783934,0.3380324362806613,0.868421052631579,0.2484231913009408,0.09751304939053577,,-0.09765397934222754,-0.056472068735558434
9023937,"Role relations based on cross-generational ties (e.g., being someone's parent or daughter) or based on authority and hierarchy (being someone's boss or commanding officer) are by necessity:",46,11,24,11,200,28,18,0.6086956521739131,0.391304347826087,9,12,7,0.23818525519848768,0.48804226784007926,0.6086956521739131,0.2484231913009408,0.08534525891415981,,-0.08534525891415981,
9023935,The following is an example of a symmetric relation:,41,12,18,11,200,41,0,1.0,0.0,12,18,11,0.0,0.0,1.0,0.2484231913009408,,,,
9023936,The following is an example of an asymmetric relation:,37,12,16,9,200,20,17,0.5405405405405406,0.4594594594594595,10,7,3,0.2483564645726808,0.4983537544482642,0.5405405405405406,0.2484231913009408,0.46782702133962367,,,-0.46782702133962367
9023928,"A person constantly slides into someone's DMs. In terms of social network connectivity, this is an example of a(n) _________________.",42,12,19,11,200,35,7,0.8333333333333334,0.16666666666666666,10,15,10,0.1388888888888889,0.37267799624996495,0.8333333333333334,0.2484231913009408,-0.04009366127557945,,,0.04009366127557946
9023968,"A person helps someone else with their 111 homework. In terms of social network connectivity, this is an example of a(n) _________________.",47,17,21,9,200,42,5,0.8936170212765957,0.10638297872340426,16,19,7,0.09506564056133997,0.30832716481254124,0.8936170212765957,0.2484231913009408,0.18660799925356805,,-0.18660799925356802,
9023971,Directed graphs are best suited to represent _____________________ relations,45,13,16,16,200,42,3,0.9333333333333333,0.06666666666666667,13,16,13,0.06222222222222223,0.24944382578492943,0.9333333333333333,0.2484231913009408,0.23277891985991142,-0.23277891985991142,,
9026047,Texting someone is an example of a(n)_____________________ tie.,48,18,19,11,200,44,4,0.9166666666666666,0.08333333333333333,18,17,9,0.07638888888888888,0.2763853991962833,0.9166666666666666,0.2484231913009408,0.4060871291073055,,-0.49200502297870513,0.04802272608006515
9024086,"Ties with others based on similarities (being in the same club, being the same race as, living in the same neighborhood) are by necessity:",34,9,16,9,200,34,0,1.0,0.0,9,16,9,0.0,0.0,1.0,0.2484231913009408,,,,
9023969,Social ties based on similarity are necessarily:,50,19,19,12,200,49,1,0.98,0.02,19,19,11,0.0196,0.13999999999999999,0.98,0.2484231913009408,0.27172691120342535,,-0.2717269112034252,
9024083,"Two people share the same racial/ethnic category. In terms of social network connectivity, this is an example of a(n) _________________.",44,15,18,11,200,41,3,0.9318181818181818,0.06818181818181818,15,17,9,0.06353305785123967,0.25205764787294127,0.9318181818181818,0.2484231913009408,0.2288329971108499,,0.028356153759821846,-0.29719361170540265
9023931,"
Social ties based on interactions are necessarily:
",40,13,19,8,200,28,12,0.7,0.3,13,10,5,0.21000000000000002,0.45825756949558405,0.7,0.2484231913009408,0.27211629516044245,-0.044478209482321736,-0.30347122462730064,-0.09455875036236393
9023972,"In Facebook, you can only be ""friends"" with someone if they also friend you back. That means that Facebook ""friend"" ties are by necessity:",40,12,18,10,200,40,0,1.0,0.0,12,18,10,0.0,0.0,1.0,0.2484231913009408,,,,
9024097,"Ties with others based on similarities (being in the same club, being the same race as, living in the same neighborhood) are by necessity:",35,12,15,8,200,34,1,0.9714285714285714,0.02857142857142857,12,15,7,0.027755102040816326,0.16659862556700858,0.9714285714285714,0.2484231913009408,0.4070728933346354,-0.40707289333463537,,
9024114,"A person is someone else's boss. In terms of social network connectivity, this is an example of a(n) _________________.",52,20,19,13,200,51,1,0.9807692307692307,0.019230769230769232,20,19,12,0.018860946745562133,0.13733516208736252,0.9807692307692307,0.2484231913009408,0.4536293184539525,,-0.45362931845395194,
9023933,Giving advice to someone is an example of a(n) _____________________ tie.,39,14,15,10,200,39,0,1.0,0.0,14,15,10,0.0,0.0,1.0,0.2484231913009408,,,,
9023970,Role Relations can be either ______________ or ______________ but can’t be ___________________.,54,20,19,15,200,18,36,0.3333333333333333,0.6666666666666666,10,6,2,0.22222222222222227,0.47140452079103173,0.3333333333333333,0.2484231913009408,0.25039860972973965,0.035318948295954854,0.03363788799040269,-0.3031141065149478
9023948,"According to Dunbar, your affinity group features kin and good friends that can provide some services and you interact with often. It tops out at about:",45,16,21,8,200,19,26,0.4222222222222222,0.5777777777777777,7,8,4,0.24395061728395057,0.49391357268650815,0.4222222222222222,0.2484231913009408,-0.05124681466745179,0.11223813323738048,-0.12344948178139657,
9023949,"According to Dunbar, your support clique is the most intimate of your ego network layers, featuring kin and best friends you can rely on for crises and emergencies. It tops out at about:",66,27,28,11,200,66,0,1.0,0.0,27,28,11,0.0,0.0,1.0,0.2484231913009408,,,,
9023895,"According to Dunbar, your _____________________ is the third largest of your ego network layers, containing more casual but still close friends and extended family",57,20,23,14,200,41,16,0.7192982456140351,0.2807017543859649,17,16,8,0.20190827947060636,0.4493420517496736,0.7192982456140351,0.2484231913009408,0.17044669433817572,,-0.1077056522296027,-0.1252145423158574
9026072,"According to Dunbar, your active network contains the total number of people you can recognize by seeing their face and interact with at least once a year. It tops out at about:",55,19,23,13,200,54,1,0.9818181818181818,0.01818181818181818,19,23,12,0.01785123966942149,0.133608531424537,0.9818181818181818,0.2484231913009408,0.22412522721140477,-0.2241252272114047,,
9024070,"According to Dunbar, in primates, the size of the _____________ relative to the rest of the brain scales linearly with __________ size",59,16,26,17,200,1,58,0.01694915254237288,0.9830508474576272,0,1,0,0.016661878770468257,0.12908090009938827,0.01694915254237288,0.2484231913009408,-0.024517424295593965,,0.024517424295593934,
9023897,According to Dunbar different relationships entail different costs. The following is not one of them:,63,20,28,15,200,59,4,0.9365079365079365,0.06349206349206349,20,28,11,0.05946082136558327,0.24384589675773358,0.9365079365079365,0.2484231913009408,0.25855711923285424,,-0.19098770796072073,-0.16862297635937218
9023894,"According to Dunbar, your _____________________ is the largest of your ego network layers, containing the total number of people you can recognize by seeing their face and interact with at least once a year",63,24,25,14,200,61,2,0.9682539682539683,0.031746031746031744,24,25,12,0.03073822121441169,0.17532319074900413,0.9682539682539683,0.2484231913009408,0.20655871939601617,-0.20655871939601617,,
9023950,"According to Dunbar, your sympathy group features  kin and good friends that can provide some services and you interact with often. It tops out at about:",53,16,24,13,200,51,2,0.9622641509433962,0.03773584905660377,16,22,13,0.03631185475258099,0.1905566969502279,0.9622641509433962,0.2484231913009408,0.04853961409698074,-0.048539614096980745,,
9023893,"According to Dunbar your _____________________ is the smallest of your ego network layers, featuring your most intimate kin and the best friends you can rely on in crises and emergencies.",57,21,23,13,200,57,0,1.0,0.0,21,23,13,0.0,0.0,1.0,0.2484231913009408,,,,
9023896,"According to Dunbar, your _____________________ is the second smallest of your ego network layers, featuring kin and good friends that can provide some services and you interact with often.",56,16,24,16,200,46,10,0.8214285714285714,0.17857142857142858,15,20,11,0.14668367346938774,0.3829930462415574,0.8214285714285714,0.2484231913009408,0.21650174149885676,-0.25825057013164504,,-0.03253323793185669
9029310,"According to Dunbar, your affinity group features more casual but still close friends, and other extended family. It tops out at about:",21,10,5,6,200,21,0,1.0,0.0,10,5,6,0.0,0.0,1.0,0.2484231913009408,,,,
9024117,A graph is _____________________ if there exists a (finite) path between each pair of nodes,48,16,20,12,200,47,1,0.9791666666666666,0.020833333333333332,16,20,11,0.020399305555555556,0.1428261375083551,0.9791666666666666,0.2484231913009408,0.26741673304268937,,,-0.2674167330426891
9024118,A graph is connected if there exists a (finite) _____________________ between each pair of nodes,49,19,20,10,200,47,2,0.9591836734693877,0.04081632653061224,19,19,9,0.03915035401915869,0.1978644839761767,0.9591836734693877,0.2484231913009408,0.40449853075846537,-0.5086721043614922,-0.057385014558887025,
9026073,"In a graph, the _____________________ subgraph containing the largest number of vertices is called the giant component",51,15,21,15,200,49,2,0.9607843137254902,0.0392156862745098,15,21,13,0.03767781622452902,0.1941077438551307,0.9607843137254902,0.2484231913009408,0.36956528966860164,-0.36956528966860175,,
9026049,"In a graph, the connected subgraph containing the largest number of _____________________ is called the giant component",53,18,22,13,200,51,2,0.9622641509433962,0.03773584905660377,18,22,11,0.03631185475258099,0.1905566969502279,0.9622641509433962,0.2484231913009408,0.42273994678456595,,,-0.422739946784566
9026052,A _____________________ subgraph of a larger disconnected graph is called a component,46,11,24,11,200,45,1,0.9782608695652174,0.021739130434782608,11,24,10,0.021266540642722116,0.1458305202717254,0.9782608695652174,0.2484231913009408,0.1351670719555339,,-0.13516707195553396,
9026042,"In a graph, the connected _____________________ containing the largest number of vertices is called the giant component",54,19,22,13,200,51,3,0.9444444444444444,0.05555555555555555,18,21,12,0.05246913580246914,0.2290614236454256,0.9444444444444444,0.2484231913009408,0.05834289333629878,0.053694259084790356,,-0.10909566425310405
9026043,"In a graph, the connected subgraph containing the largest number of vertices is called the _____________________",43,14,17,12,200,43,0,1.0,0.0,14,17,12,0.0,0.0,1.0,0.2484231913009408,,,,
9024116,A graph is _____________________ if there does not exist a (finite) path between each pair of nodes,52,20,24,8,200,52,0,1.0,0.0,20,24,8,0.0,0.0,1.0,0.2484231913009408,,,,
9024119,A graph is by definition disconnected when it has _____________________ .,46,21,17,8,200,44,2,0.9565217391304348,0.043478260869565216,20,17,7,0.04158790170132325,0.20393111999232302,0.9565217391304348,0.2484231913009408,0.15512412565191472,,-0.15512412565191477,
9024120,If a graph has more than one _____________________ it is by definition disconnected,48,18,19,11,200,46,2,0.9583333333333334,0.041666666666666664,18,19,9,0.03993055555555556,0.19982631347136331,0.9583333333333334,0.2484231913009408,0.48200593800451863,,-0.48200593800451885,
9026041,A graph is disconnected if there does not exist a (finite) _____________________ between each pair of nodes,55,21,23,11,200,52,3,0.9454545454545454,0.05454545454545454,21,22,9,0.051570247933884296,0.22709083630539628,0.9454545454545454,0.2484231913009408,0.37550761436939306,-0.40711980454426094,-0.06784183944848197,
9026048,If a graph has more than one component it is by definition _____________________,50,13,21,16,200,50,0,1.0,0.0,13,21,16,0.0,0.0,1.0,0.2484231913009408,,,,
9026118,"In a directed graph, the ________________ centrality of each node can be obtained by computing the column sums of the corresponding asymmetric adjacency matrix




",50,19,19,12,200,47,3,0.94,0.06,17,19,11,0.056400000000000006,0.23748684174075835,0.94,0.2484231913009408,0.055955264316888076,-0.05595526431688805,,
9026115,"In this measure of centrality, nodes are central if they mediate among others who are not directly connected:",46,15,19,12,200,45,1,0.9782608695652174,0.021739130434782608,15,19,11,0.021266540642722116,0.1458305202717254,0.9782608695652174,0.2484231913009408,0.3876713897984676,-0.38767138979846777,,
9027100,The closest the graph centralization is to 1.0 the closer the observed graph is to the ___________________ graph,52,18,21,13,200,43,9,0.8269230769230769,0.17307692307692307,17,17,9,0.14312130177514792,0.3783137610174231,0.8269230769230769,0.2484231913009408,0.3578139376197237,,-0.2650711401369165,-0.2892773210877927
9026963,"
The degree centrality of a node is given by the number of _________________ adjacent to a node
",52,17,25,10,200,15,37,0.28846153846153844,0.7115384615384616,7,6,2,0.20525147928994084,0.45304688420729794,0.28846153846153844,0.2484231913009408,0.18235377356589486,-0.18235377356589486,,
9026117,"
The version of centrality built by summing up the length of the shortest paths (smaller is better) having that node as one of their ends is called:
",34,11,15,8,200,32,2,0.9411764705882353,0.058823529411764705,11,14,7,0.05536332179930797,0.23529411764705885,0.9411764705882353,0.2484231913009408,0.16277776681769623,,-0.16277776681769623,
9028095,A centrality metric is a summary index that represents the position of a node within a network. They are built from sums or averages of the following graph elements:,49,17,22,10,200,48,1,0.9795918367346939,0.02040816326530612,17,21,10,0.01999167013744273,0.14139190265868384,0.9795918367346939,0.2484231913009408,-0.054733767693732206,,0.05473376769373218,
9026965,"

The harmonic centrality is a version of closeness centrality that can be used in ___________________________ graphs.

",41,13,17,11,200,37,4,0.9024390243902439,0.0975609756097561,13,15,9,0.08804283164782868,0.29672012342918147,0.9024390243902439,0.2484231913009408,0.3171785950391079,-0.0008703355337688955,-0.036554092418285195,-0.4101052255080229
9026119,"In a directed graph, the ________________ centrality of each node can be obtained by computing the row sums of the corresponding asymmetric adjacency matrix",42,9,21,12,200,38,4,0.9047619047619048,0.09523809523809523,9,18,11,0.08616780045351474,0.29354352395090366,0.9047619047619048,0.2484231913009408,-0.08892381122698761,0.09607074142178267,0.02650227349566451,
9026962,"In this measure of centrality, nodes are more central if they receive lots of ties from other nodes:",51,15,26,10,200,50,1,0.9803921568627451,0.0196078431372549,15,25,10,0.01922337562475971,0.1386483884679505,0.9803921568627451,0.2484231913009408,0.04923865164172404,,,-0.049238651641723995
9027101,"

The closeness centrality of a node can be computed by dividing the number of nodes in the graph minus one by the row sums of the ___________________ matrix

",35,13,17,5,200,32,3,0.9142857142857143,0.08571428571428572,12,16,4,0.0783673469387755,0.27994168488950605,0.9142857142857143,0.2484231913009408,0.2392202101770697,-0.43983712780173656,,0.0271785186628585
9026122,A node that can reach all the other nodes in the graph via the shortest paths (on average) has the largest ________________ centrality,42,13,19,10,200,39,3,0.9285714285714286,0.07142857142857142,12,18,9,0.06632653061224489,0.25753937681885636,0.9285714285714286,0.2484231913009408,0.042436714182104984,-0.1672705702568007,,0.06842714554540189
9028096,"In a directed graph, the outdegree centrality of each node can be obtained by summing ____________________ of the corresponding asymmetric adjacency matrix",41,13,14,14,200,36,5,0.8780487804878049,0.12195121951219512,13,11,12,0.10707911957168353,0.32722946012192045,0.8780487804878049,0.2484231913009408,0.2536917640870066,,-0.11954101417762336,-0.3082197682684721
9028092,The ____________________ centrality is a version of closeness centrality that can be used in weakly connected graphs.,35,12,15,8,200,35,0,1.0,0.0,12,15,8,0.0,0.0,1.0,0.2484231913009408,,,,
9026124,"If N is the order (number of nodes) of a star graph, then the central node always has degree centrality equal to:",40,15,18,7,200,39,1,0.975,0.025,15,18,6,0.024375,0.15612494995995996,0.975,0.2484231913009408,0.4060917086744518,,-0.40609170867445166,
9026121,The degree centrality of a node is given by the number of _________________ incident to a node,42,16,13,13,200,42,0,1.0,0.0,16,13,13,0.0,0.0,1.0,0.2484231913009408,,,,
9026123,The node that stands in the highest proportion of shortest paths connecting every other pair of nodes in the graph has the highest ____________________ centrality,53,23,23,7,200,52,1,0.9811320754716981,0.018867924528301886,23,22,7,0.018511925952296192,0.13605853869675433,0.9811320754716981,0.2484231913009408,0.016082253910563647,,-0.01608225391056365,
9026116,The version of centrality built by adding the number of edges that are directly incident upon that node is called:,51,18,22,11,200,48,3,0.9411764705882353,0.058823529411764705,17,21,10,0.05536332179930796,0.23529411764705882,0.9411764705882353,0.2484231913009408,0.2103676132397624,-0.4436860690457996,,0.06191456498037392
9026961,"In this measure of centrality, nodes are central if they can reach a large number of others via the shortest paths in the network:",37,10,13,14,200,30,7,0.8108108108108109,0.1891891891891892,10,12,8,0.15339663988312635,0.3916588309780929,0.8108108108108109,0.2484231913009408,0.46616741731264016,-0.12829321769742494,-0.3583131592066849,-0.2422175950127379
9028204,"In this measure of centrality, nodes are more central if they send lots of ties to other nodes:",44,15,19,10,200,41,3,0.9318181818181818,0.06818181818181818,15,18,8,0.06353305785123967,0.25205764787294127,0.9318181818181818,0.2484231913009408,0.4393992117184416,-0.310647798290406,-0.008581430892000308,-0.4239226860648081
9028090,"

The version of centrality built by computing the proportion of shortest paths that have that node as one of their inner nodes is called:

",36,20,10,6,200,35,1,0.9722222222222222,0.027777777777777776,20,10,5,0.02700617283950617,0.16433554953054488,0.9722222222222222,0.2484231913009408,0.3796471829239122,,-0.3796471829239121,
9026120,"
In an undirected graph, the degree centrality of each node can be obtained by computing the ___________________ of the corresponding symmetric adjacency matrix
",53,17,23,13,200,49,4,0.9245283018867925,0.07547169811320754,17,22,10,0.06977572089711641,0.2641509433962264,0.9245283018867925,0.2484231913009408,0.13645968051194485,-0.09446556428872435,-0.10036658934144124,
9028091,"In a star graph, the central node has the highest",41,12,16,13,200,37,4,0.9024390243902439,0.0975609756097561,12,15,10,0.08804283164782868,0.29672012342918147,0.9024390243902439,0.2484231913009408,0.5216313822930411,-0.5216313822930412,,
9028205,"In an undirected graph, the degree centrality of each node can be computed by summing across _____________________ of the corresponding symmetric adjancency matrix",41,14,14,13,200,38,3,0.926829268292683,0.07317073170731707,13,14,11,0.06781677572873289,0.260416542732471,0.926829268292683,0.2484231913009408,0.24818864786854516,-0.24818864786854522,,
9026964,"
The __________________ centrality of a node can be computed by dividing the number of nodes in the graph minus one by the row sums of the geodesic distance matrix
",48,21,19,8,200,47,1,0.9791666666666666,0.020833333333333332,21,18,8,0.020399305555555556,0.1428261375083551,0.9791666666666666,0.2484231913009408,0.039945733290168726,,,-0.039945733290168685
9028089,"In this measure of centrality, nodes are central if they are directly connected to a large number of other nodes:",39,16,16,7,200,36,3,0.9230769230769231,0.07692307692307693,15,15,6,0.07100591715976332,0.2664693550105965,0.9230769230769231,0.2484231913009408,0.25945884301418987,,0.1405903207187079,-0.6336010296811203
9027102,"If N is the order (number of nodes) of the star graph, the sum of differences between the maximum degree and the degrees of each node is always equal to:",50,18,20,12,200,36,14,0.72,0.28,16,16,4,0.2016,0.44899888641287294,0.72,0.2484231913009408,0.5112472252293642,0.022863489522873863,-0.3406902886789401,-0.4007010624257042
9028088,"In a directed graph, the indegree centrality of each node can be obtained by summing ___________________ of the corresponding asymmetric adjacency matrix",45,10,24,11,200,44,1,0.9777777777777777,0.022222222222222223,10,24,10,0.021728395061728394,0.14740554623801777,0.9777777777777777,0.2484231913009408,0.08285400253664248,-0.08285400253664241,,
